[
  {
    "nama": "bambang",
    "email": "zmil8920@gmail.com",
    "hobi": "Traveling",
    "alamat": "jalaannnnnnnn"
  },
  {
    "nama": "saipulllll",
    "email": "pul@mail.com",
    "hobi": "Shopping",
    "alamat": "jalanin jalan"
  },
  {
    "nama": "Senja",
    "email": "senja@gmail.com",
    "hobi": "Traveling",
    "alamat": "jalannn jalannnnnnnnn"
  },
  {
    "nama": "bambang",
    "email": "fzn.kamil3@gmail.com",
    "hobi": "Korespondensi",
    "alamat": "jalan 123"
  }
]
